;Hernia discal;Espondilolise;Normal       
Hernia discal;0.321023;0.077348;0.280265
Espondilolise;0.014205;0.895028;0.149254
Normal       ;0.099432;0.171271;0.684909
