;Hernia discal;Espondilolise;Normal       
Hernia discal;0.711111;0.054054;0.093913
Espondilolise;0.052778;0.881081;0.158261
Normal       ;0.275000;0.096216;0.673043
