;Hernia discal;Espondilolise;Normal       
Hernia discal;0.790368;0.029703;0.078595
Espondilolise;0.141643;0.797580;0.224080
Normal       ;0.317280;0.110011;0.645485
