;Hernia discal;Espondilolise;Normal       
Hernia discal;0.291536;0.077419;0.252046
Espondilolise;0.006270;0.924731;0.111293
Normal       ;0.090909;0.190323;0.662848
