;Hernia discal;Espondilolise;Normal       
Hernia discal;0.000000;0.412022;0.000000
Espondilolise;0.000000;1.000000;0.000000
Normal       ;0.000000;0.620765;0.000000
