;Hernia discal;Espondilolise;Normal       
Hernia discal;0.162319;0.057797;0.394649
Espondilolise;0.008696;0.862595;0.205686
Normal       ;0.028986;0.147219;0.757525
