;setosa    ;versicolor;virginica 
setosa    ;1.000000;0.000000;0.000000
versicolor;0.000000;0.920530;0.088561
virginica ;0.000000;0.076159;0.915129
;setosa    ;versicolor;virginica 
setosa    ;1.000000;0.000000;0.000000
versicolor;0.000000;0.921429;0.071197
virginica ;0.000000;0.060714;0.944984
