;setosa    ;versicolor;virginica 
setosa    ;1.000000;0.000000;0.000000
versicolor;0.000000;0.906367;0.095785
virginica ;0.000000;0.071161;0.927203
