;setosa    ;versicolor;virginica 
setosa    ;1.000000;0.000000;0.000000
versicolor;0.043689;0.782772;0.198381
virginica ;0.000000;0.191011;0.793522
