;setosa    ;versicolor;virginica 
setosa    ;1.000000;0.000000;0.000000
versicolor;0.000000;0.924658;0.077193
virginica ;0.000000;0.140411;0.856140
