;setosa    ;versicolor;virginica 
setosa    ;1.000000;0.000000;0.000000
versicolor;0.000000;0.924658;0.077193
virginica ;0.000000;0.140411;0.856140
;setosa    ;versicolor;virginica 
setosa    ;0.803509;0.170886;0.007435
versicolor;0.192982;0.382911;0.520446
virginica ;0.010526;0.382911;0.539033
