;psoriasis;seboreic ;l. planus;pit rosea;c. dermat;pit rubra
psoriasis;1.000000;0.000000;0.000000;0.000000;0.000000;0.000000
seboreic ;0.001506;0.932551;0.000000;0.070288;0.000000;0.000000
l. planus;0.000000;0.000000;1.000000;0.000000;0.000000;0.000000
pit rosea;0.000000;0.105572;0.000000;0.884984;0.000000;0.000000
c. dermat;0.000000;0.000000;0.000000;0.000000;1.000000;0.000000
pit rubra;0.000000;0.000000;0.000000;0.000000;0.000000;1.000000
