;malignant;benign   
malignant;0.987491;0.013626
benign   ;0.093120;0.898562
