;malignant;benign   
malignant;0.996390;0.003636
benign   ;0.185560;0.813091
