;malignant;benign   
malignant;0.935889;0.069434
benign   ;0.049477;0.946415
