;malignant;benign   
malignant;0.923404;0.080000
benign   ;0.041844;0.956296
